,question,meta_response,meta_f1_score,approach_classes,decomposition_response,decomposition_f1_score,cot_response,cot_f1_score,answer
0,Who set the fastest average in Megaminx?,"**Problem Understanding:**
1. Determine the Objective: Identify the individual who achieved the fastest average solve time in the Megaminx competition.

2. Understand the Problem: This involves identifying the individual with the lowest ""Fastest average"" time from the provided table.

**Reasoning Process:**
3. Extract Relevant Information:
   - Yu Da-Hyun (유다현): 32.03s
   - Juan Pablo Huanqui: 32.33s
   - Amos Nordman: 34.63s
   - Nicolas Naing: 35.02s
   - Feliks Zemdegs: 36.65s

4. Answer:
   - Yu Da-Hyun (유다현) holds the fastest average time for Megaminx at 32.03s.

**Final Answer:** Yu Da-Hyun (유다현) set the fastest average time in Megaminx at 32.03s. 
",31.57894736842105,"extract, cot","  decomposition: |
    sq1: What is the name of the person with the fastest average? (independent)
  answers: |
    Answer to sq1: Yu Da-Hyun
  final_answer: Yu Da-Hyun 
",22.22222222222222,"Reasoning: To find who set the fastest average in Megaminx, we need to look at the ""Fastest average"" column in the table and identify the smallest value. The smallest value in the ""Fastest average"" column is 32.03s. 

Answer: Yu Da-Hyun (유다현) 
",22.22222222222222,The 32.03 seconds average of five solves is set by Yu Da-Hyun (유다현) at CWR Winter 2018.
1,"How did Jacqueline Pusey perform in the 1976, 1977, and 1978 CARIFTA Games?","**Problem Understanding:**
1. Determine the Objective: Identify Jacqueline Pusey's performance results in the CARIFTA Games held in 1976, 1977, and 1978.

2. Understand the Problem: This requires extracting relevant information from the table for the specified years and competition.

**Reasoning Process:**
3. Extract Relevant Information:
    - **1976 CARIFTA Games:**
        - 2nd place in 100m with a time of 11.9
        - 2nd place in 200m with a time of 23.7
        - 1st place in 4 x 400m relay with a time of 3:46.4
    - **1977 CARIFTA Games:**
        - 1st place in 400m with a time of 54.00
    - **1978 CARIFTA Games:**
        - 1st place in 200m with a time of 24.13
        - 1st place in 400m with a time of 55.85
        - 1st place in 4 x 100m relay with a time of 46.49
        - 1st place in 4 x 400m relay with a time of 3:51.54

**Answer:**
In the 1976 CARIFTA Games, Jacqueline Pusey secured second place in the 100m and 200m races, and first place in the 4 x 400m relay.  In 1977, she took first place in the 400m. In the 1978 CARIFTA Games, she won gold in the 200m and 400m races, and the 4 x 100m relay and 4 x 400m relay.

**Final Answer:** In the 1976 CARIFTA Games, Jacqueline Pusey secured second place in the 100m and 200m races, and first place in the 4 x 400m relay.  In 1977, she took first place in the 400m. In the 1978 CARIFTA Games, she won gold in the 200m and 400m races, and the 4 x 100m relay and 4 x 400m relay. 
",11.764705882352938,"extract, cot","```json
{
 ""subquestions"": [
  {
   ""sq1"": ""What position did Jacqueline Pusey finish in the 1976 CARIFTA Games in 100m, 200m, and 4x400m relay?"",
   ""reason"": ""The question asks for Jacqueline Pusey's performance in the 1976 CARIFTA Games, and this subquestion identifies the positions in the specified events."",
   ""answer"": ""In the 1976 CARIFTA Games, Jacqueline Pusey finished 2nd in the 100m, 2nd in the 200m, and 1st in the 4x400m relay.""
  },
  {
   ""sq2"": ""What position did Jacqueline Pusey finish in the 1977 CARIFTA Games in the 400m?"",
   ""reason"": ""The question asks for Jacqueline Pusey's performance in the 1977 CARIFTA Games, and this subquestion identifies the position in the specified event."",
   ""answer"": ""In the 1977 CARIFTA Games, Jacqueline Pusey finished 1st in the 400m.""
  },
  {
   ""sq3"": ""What position did Jacqueline Pusey finish in the 1978 CARIFTA Games in the 200m, 400m, 4x100m relay, and 4x400m relay?"",
   ""reason"": ""The question asks for Jacqueline Pusey's performance in the 1978 CARIFTA Games, and this subquestion identifies the positions in the specified events."",
   ""answer"": ""In the 1978 CARIFTA Games, Jacqueline Pusey finished 1st in the 200m, 1st in the 400m, 1st in the 4x100m relay, and 1st in the 4x400m relay.""
  }
 ],
 ""final_answer"": ""In the 1976 CARIFTA Games, Jacqueline Pusey finished 2nd in the 100m, 2nd in the 200m, and 1st in the 4x400m relay. In the 1977 CARIFTA Games, Jacqueline Pusey finished 1st in the 400m. In the 1978 CARIFTA Games, Jacqueline Pusey finished 1st in the 200m, 1st in the 400m, 1st in the 4x100m relay, and 1st in the 4x400m relay.""
}
```",0.0,"Reasoning: To answer the question, we need to examine the table and identify the rows that correspond to the 1976, 1977, and 1978 CARIFTA Games.  Then, we should extract the relevant information about Jacqueline Pusey's performance in each game.

Answer: 
* **1976 CARIFTA Games:** 2nd in 100m, 2nd in 200m, 1st in 4x400m relay.
* **1977 CARIFTA Games:** 1st in 400m.
* **1978 CARIFTA Games:** 1st in 200m, 1st in 400m, 1st in 4x100m relay, 1st in 4x400m relay. 
",0.0,"Jacqueline Pusey was the 100/200 m runner-up at the 1976 CARIFTA Games, won the 400 m at the 1977 CARIFTA Games, a quadruple gold medal win at the 1978 CARIFTA Games where she won the 200 m, 400 m, and both relays."
2,"How many appearances did Williams make for Coventry City, and for how many seasons did he play for the club?","**Problem Understanding:**
1. **Determine the Objective:** Identify the total number of appearances Paul Williams made for Coventry City and the number of seasons he played for the club.
2. **Understand the Problem:** This requires extracting relevant information from the table for Coventry City.

**Reasoning Process:**
3. **Extract Relevant Information:**
   - The table has a row for each club, including Coventry City.
   - The ""Total"" column for Coventry City indicates 199 appearances.
   - The rows for Coventry City span the seasons from 1995–96 to 2001–02.
   - To find the total number of seasons, we need to count the rows for Coventry City.

4. **Decompose the Problem into Sub-Problems:**
   - Identify the total number of appearances for Coventry City.
   - Count the number of seasons played for Coventry City.

5. **Individually Answer Each Sub-Problems with Reasoning:**
   - The ""Total"" column for Coventry City shows a total of 199 appearances.
   - There are 7 rows for Coventry City, indicating 7 seasons played for the club.

**Answer:** Paul Williams made 199 appearances for Coventry City across 7 seasons.

**Final Answer:** Paul Williams made 199 appearances for Coventry City, playing for the club for 7 seasons. 
",53.333333333333336,"extract, decompose, cot","```json
{
  ""subquestions"": [
    {
      ""sq1"": ""How many appearances did Williams make for Coventry City?"",
      ""reasoning"": ""This question asks for the total number of appearances Williams made for Coventry City."",
      ""answer"": ""199""
    },
    {
      ""sq2"": ""For how many seasons did Williams play for Coventry City?"",
      ""reasoning"": ""This question asks for the number of seasons Williams played for Coventry City."",
      ""answer"": ""8""
    }
  ],
  ""final_answer"": ""199, 8""
}
```",15.384615384615383,"Reasoning: To find the number of appearances and seasons played for Coventry City, we need to look at the table rows for Coventry City. The ""Total"" row for Coventry City provides the total appearances for the club, which is 199.  To find the number of seasons, we need to count the rows with ""Coventry City"" in the ""Club"" column, which are 8 rows. 

Answer: [""199"", ""8""] 
",15.384615384615383,Williams made 199 appearances for Coventry City in 7 consecutive seasons.
3,Which league and clubs was Rob Friend playing for in the 2006-07 season?,"**Problem Understanding:**
1. **Determine the Objective:** Identify the league and clubs Rob Friend was playing for during the 2006-07 season.

2. **Understand the Problem:** This requires extracting relevant information from the table for the 2006-07 season.

**Reasoning Process:**
3. **Extract Relevant Information:** 
   - The table shows Rob Friend played in the Netherlands during the 2006-07 season.
   - He played for two clubs: Heerenveen and Heracles.

**Answer:** 
Rob Friend played for two clubs in the 2006-07 season: Heerenveen and Heracles. Both clubs were in the Eredivisie league of the Netherlands.

**Final Answer:** Rob Friend played for Heerenveen and Heracles in the Eredivisie league of the Netherlands during the 2006-07 season. 
",32.0,"extract, cot","  question: Which league and clubs was Rob Friend playing for in the 2006-07 season?
  decomposition: |
    sq1. Identify the rows that correspond to the 2006-07 season. (independent)
    sq2. Extract the club and league names for each row identified in sq1. (depends on sq1)
  answers: |
    Answer to sq1: The relevant rows are:
      2006–07 | Heerenveen | Eredivisie | 19 | 5 | 1 | 0 | 0 | 0 | 6 | 0 | 26 | 5
      2006–07 | Heracles (loan) | Eredivisie | 12 | 3 | 0 | 0 | — | — | 12 | 3 | - | -
    Answer to sq2: Rob Friend played for Heerenveen and Heracles (loan) in the Eredivisie league.
  final_answer: Eredivisie, Heerenveen and Heracles (loan). 
",24.0,"Reasoning: To find the league and clubs Rob Friend played for in the 2006-07 season, we need to look at the rows corresponding to that season in the table. The row for the 2006-07 season shows he played for two clubs: Heerenveen in the Eredivisie and Heracles (on loan) also in the Eredivisie.

Answer: [""Eredivisie"", [""Heerenveen"", ""Heracles (loan)""]] 
",24.0,"After making 19 appearances with Heerenveen and scoring five goals, Rob Friend was loaned to Heracles to conclude the 2006–07 Eredivisie season."
4,What happened to Jason Euell after 5 seasons in the Premier League playing for Wimbledon?,"**Problem Understanding:**
1. **Determine the Objective:** Identify the club Jason Euell joined after playing for Wimbledon for 5 seasons in the Premier League.

2. **Understand the Problem:** This involves identifying the club that follows the fifth Premier League season for Wimbledon in the table.

**Reasoning Process:**
3. **Extract Relevant Information:** 
   - The table shows Jason Euell played for Wimbledon in the Premier League for the seasons 1995–96, 1996–97, 1997–98, 1998–99, and 1999–2000.
   - The season following 1999–2000 is 2000–01, where Jason Euell played for Wimbledon again, but this time in the First Division. 

**Answer:**
After playing five seasons in the Premier League for Wimbledon, Jason Euell continued to play for Wimbledon for one more season in the First Division.

**Final Answer:** After playing five seasons in the Premier League for Wimbledon, Jason Euell continued to play for Wimbledon for one more season in the First Division. 
",28.57142857142857,"extract, cot","```json
{
 ""decomposition"": {
  ""sq1"": ""Identify the last season Jason Euell played for Wimbledon in the Premier League.""
 },
 ""answers"": {
  ""sq1"": ""Jason Euell last played for Wimbledon in the Premier League during the 1999–2000 season.""
 }
}
```
After 5 seasons in the Premier League playing for Wimbledon, Jason Euell moved to Charlton Athletic. 
",0.0,"Reasoning: To answer this, we need to find Jason Euell's record from seasons 1995-96 to 1999-2000, which are his first 5 seasons playing for Wimbledon in the Premier League. After the 1999-2000 season, he moved on to play for Wimbledon in the First Division.

Answer: After 5 seasons playing for Wimbledon in the Premier League, Jason Euell moved to play for Wimbledon in the First Division. 
",18.18181818181818,"After 5 seasons with Wimbledon in the Premier League, Jason Euell spent the 2000–01 season with Wimbledon in the First Division."
5,What overall record did Hank Raymonds achieve and how many seasons did he take to do it?,"**Problem Understanding:**
1. **Determine the Objective:**  Identify the total number of wins and losses Hank Raymonds had in his coaching career, and the total number of seasons he coached.
2. **Understand the Problem:** This requires extracting the relevant information from the table, specifically the total wins and losses for each team, and then summing them up to find the overall record. We also need to count the number of seasons he coached.

**Reasoning Process:**
3. **Extract Relevant Information:**
    - **Christian Brothers:**
        - Overall record: 110-50
        - Seasons: 6
    - **Marquette:**
        - Overall record: 126-50
        - Seasons: 6
4. **Decompose the Problem into Sub-Problems:**
    - Calculate the total number of wins by adding the wins from each team.
    - Calculate the total number of losses by adding the losses from each team.
    - Calculate the total number of seasons by adding the number of seasons for each team.
5. **Individually Answer Each Sub-Problem with Reasoning:**
    - **Total wins:** 110 (Christian Brothers) + 126 (Marquette) = 236
    - **Total losses:** 50 (Christian Brothers) + 50 (Marquette) = 100
    - **Total seasons:** 6 (Christian Brothers) + 6 (Marquette) = 12

**Answer:** Hank Raymonds achieved an overall record of 236-100, coaching for a total of 12 seasons.

**Final Answer:** Hank Raymonds achieved an overall record of 236-100, coaching for a total of 12 seasons. 
",50.0,"extract, decompose, cot","  decomposition: |
    sq1. What is Hank Raymonds' overall record? (independent)
    sq2. How many seasons did Hank Raymonds play? (independent)
  answers: |
    Answer to sq1: 236-100
    Answer to sq2: 18
  final_answer: 236-100, 18 seasons 
",33.33333333333333,"Reasoning: To find Hank Raymonds' overall record and the number of seasons it took, we need to look at the ""Total"" row of the table. 

Answer: [""236–100"", ""16""] 
",33.33333333333333,Hank Raymonds's overall record is 236–100 in 12 seasons.
6,"In the 2000-01 season, how many goals did Hernán Crespo score and which club did he play for?","**Problem Understanding:**
1. **Determine the Objective:** Identify the number of goals Hernán Crespo scored in the 2000-01 season and the club he played for during that season.
2. **Understand the Problem:** This requires extracting relevant information from the table for the 2000-01 season.

**Reasoning Process:**
3. **Extract Relevant Information:**
   -  Find the row corresponding to the 2000-01 season.
   -  Locate the ""Club"" column and identify the club he played for: Lazio.
   -  Locate the ""Goals"" column for the ""League"" and ""Continental"" categories to find the total number of goals scored. 

4. **Answer:**
   -  Hernán Crespo scored 26 goals in the league and 2 goals in continental competitions, totaling 28 goals in the 2000-01 season.

**Final Answer:** In the 2000-01 season, Hernán Crespo scored 28 goals for Lazio. 
",26.666666666666668,"extract, cot","  decomposition: |
    sq1. Find the row for Hernán Crespo's 2000-01 season. (independent)
    sq2. What team did Hernán Crespo play for in the 2000-01 season? (depends on sq1)
    sq3. How many goals did Hernán Crespo score in the 2000-01 season? (depends on sq1)
  answers: |
    Answer to sq1: The relevant row is:
      2000–01 | Lazio | Serie A | 32 | 26 | 1 | 0 | — | — | 6 | 2 | 403 | 28
    Answer to sq2: Lazio
    Answer to sq3: 28
  final_answer: Lazio, 28",14.285714285714285,"Reasoning: To find out how many goals Hernán Crespo scored in the 2000-01 season and for which club, we need to look at the row corresponding to the 2000-01 season. This row shows that he played for Lazio and scored 28 goals in the Serie A. 
Answer: [""28"", ""Lazio""] 
",14.285714285714285,"In 2000–01, Hernán Crespo scored 26 goals in Serie A playing for Lazio."
7,"How many gold medals, silver medals, and bronze medals did India achieve at the 1966 British Empire and Commonwealth Games?","**Problem Understanding:**

1. **Determine the Objective:** Identify the number of gold, silver, and bronze medals won by India at the 1966 British Empire and Commonwealth Games.

2. **Understand the Problem:** This requires extracting relevant information from the table, specifically identifying entries under the ""Gold"", ""Silver"", and ""Bronze"" columns where ""India"" is mentioned.

**Reasoning Process:**

3. **Extract Relevant Information:**

   - **Gold Medals:** India won 2 gold medals.
     - Bantamweight: Bishamber Singh 
     - Lightweight: Mukhtiar Singh
   - **Silver Medals:** India won 1 silver medal.
     - Flyweight: Shamrao Sable
   - **Bronze Medals:** India won 2 bronze medals.
     - Featherweight: Randhawa Singh
     - Light Heavyweight: Bishwanath Singh 

4. **Decompose the Problem into Sub-Problems:**
   - Count the number of gold medals won by India.
   - Count the number of silver medals won by India.
   - Count the number of bronze medals won by India.

5. **Individually Answer Each Sub-Problems with Reasoning:**
   -  India won **2** gold medals in the Bantamweight and Lightweight categories.
   -  India won **1** silver medal in the Flyweight category.
   -  India won **2** bronze medals in the Featherweight and Light Heavyweight categories.

**Answer:**

India won 2 gold medals, 1 silver medal, and 2 bronze medals at the 1966 British Empire and Commonwealth Games.

**Final Answer:** India won 2 gold medals, 1 silver medal, and 2 bronze medals at the 1966 British Empire and Commonwealth Games.
",55.55555555555556,"extract, decompose, cot","```json
{
 ""decomposition"": {
  ""sq1"": ""How many gold medals did India achieve?"",
  ""sq2"": ""How many silver medals did India achieve?"",
  ""sq3"": ""How many bronze medals did India achieve?""
 },
 ""answers"": {
  ""Answer to sq1"": 2,
  ""Answer to sq2"": 2,
  ""Answer to sq3"": 2
 }
}
```",26.666666666666668,"Reasoning: To determine the number of gold, silver, and bronze medals India achieved at the 1966 British Empire and Commonwealth Games, we need to examine the table and count the number of times 'India' appears in the 'Gold', 'Silver', and 'Bronze' columns. Examining the table, we see India won 3 gold medals, 2 silver medals, and 2 bronze medals.

Answer: [""3"", ""2"", ""2""] 
",40.0,"India won three Gold medals, two Silver, and two Bronze in Wrestling."
8,Which were the first two teams Flitney played for in 2016-17 and how many games did he play for the first one?,"**Problem Understanding:**
1. Determine the Objective: Identify the first two teams Ross Flitney played for in the 2016-17 season, and determine the number of games he played for the first team.

2. Understand the Problem: This involves extracting specific information from the table for the 2016-17 season.

**Reasoning Process:**
3. Extract Relevant Information:
   - In the 2016-17 season, Ross Flitney played for Eastleigh and Whitehawk.
   - Flitney played 9 games for Eastleigh in the 2016-17 season.
   - Flitney played 7 games for Whitehawk in the 2016-17 season.

4. Answer:
   - The first team Ross Flitney played for in the 2016-17 season was Eastleigh.
   - He played 9 games for Eastleigh in the 2016-17 season.

**Final Answer:** The first two teams Ross Flitney played for in the 2016-17 season were Eastleigh and Whitehawk. He played 9 games for Eastleigh. 
",23.07692307692308,"extract, cot","  decomposition: |
    sq1. What two teams did Flitney play for in 2016-17? (independent)
    sq2. How many games did Flitney play for the first team in 2016-17? (depends on sq1)
  answers: |
    Answer to sq1: Flitney played for Eastleigh and Whitehawk in 2016-17.
    Answer to sq2: Flitney played 9 games for Eastleigh in 2016-17.
  final_answer: Eastleigh and Whitehawk, 9. 
",16.0,"Reasoning:  To determine the first two teams Flitney played for in 2016-17 and how many games he played for the first one, we need to look at the table and find the rows corresponding to the 2016-17 season.  The first two teams listed for that season are Whitehawk and Bromley, and the number of games Flitney played for Whitehawk is 7.

Answer: [""Whitehawk"", ""Bromley"", 7] 
",7.692307692307692,Flitney played the first nine games of the 2016–17 season for Eastleigh and then played for the National League South side Whitehawk in 2016–17 as well.
9,During which season and for what league did Jesper Grønkjær play the most games for Copenhagen?,"**Problem Understanding:**
1. Determine the Objective: Identify the season and league where Jesper Grønkjær played the most games for Copenhagen.

2. Understand the Problem: This requires analyzing the table data for Copenhagen, focusing on the ""Apps"" column (representing appearances or games played) to find the maximum value and its corresponding season and league.

**Reasoning Process:**
3. Extract Relevant Information:
   - We need to look at the data for Copenhagen, specifically in the ""Apps"" column.
   - Analyze the ""Apps"" column for Copenhagen for each season to find the highest value.

4. Decompose the Problem into Sub-Problems:
   - Identify the highest value in the ""Apps"" column for Copenhagen.
   - Determine the corresponding season and league for that value.

5. Individually Answer Each Sub-Problems with Reasoning:
   - The highest value in the ""Apps"" column for Copenhagen is 29, found in the ""Apps"" column for the ""Superliga"" league during the 2009–10 season.

**Answer:**
Jesper Grønkjær played the most games for Copenhagen during the 2009–10 season in the Superliga league.

**Final Answer:** Jesper Grønkjær played the most games for Copenhagen during the 2009–10 season in the Superliga league. 
",28.57142857142857,"extract, decompose, cot","```json
{
 ""decomposition"": {
  ""sq1"": ""Identify the rows that contain information about Jesper Grønkjær's seasons with Copenhagen."",
  ""sq2"": ""From the identified rows, find the season with the most appearances for Copenhagen in the Superliga."",
  ""sq3"": ""Identify the corresponding Superliga season from the row with the most appearances.""
 },
 ""answers"": {
  ""sq1"": ""The relevant rows are:\n2006–07 | Copenhagen | Superliga | 21 | 5 | 4 | 0 | - | - | 6 | 1 | 31 | 6\n2007–08 | Copenhagen | Superliga | 25 | 3 | 3 | 1 | - | - | 7 | 1 | 35 | 5\n2008–09 | Copenhagen | Superliga | 14 | 2 | 0 | 0 | - | - | 2 | 0 | 16 | 2\n2009–10 | Copenhagen | Superliga | 29 | 2 | 1 | 0 | - | - | 12 | 4 | 42 | 6\n2010–11 | Copenhagen | Superliga | 25 | 4 | 1 | 0 | - | - | 12 | 2 | 38 | 4"",
  ""sq2"": ""The season with the most appearances is 2009–10, with 29 appearances."",
  ""sq3"": ""The corresponding Superliga season is 2009–10.""
 },
 ""final_answer"": ""2009–10, Superliga.""
}
```",21.052631578947366,"Reasoning: To determine the season and league where Jesper Grønkjær played the most games for Copenhagen, we need to examine the table rows for Copenhagen and identify the highest 'Apps' (Appearances) value for the 'Superliga' league. The highest 'Apps' value for Copenhagen in the Superliga is 29, found in the 2009-10 season.
Answer: 2009-10, Superliga. 
",21.052631578947366,Grønkjær played the highest number of games in his Copenhagen career during the 2009–10 season and played in the Superliga.
10,How did Jacob do in the 2003 All-Africa Games and the 1999 Universiade?,"**Problem Understanding:**
1. Determine the Objective: Identify Doris Jacob's position in the 2003 All-Africa Games and the 1999 Universiade.

2. Understand the Problem: This requires extracting relevant information from the table for the specified years and events.

**Reasoning Process:**
3. Extract Relevant Information:
   - 2003 All-Africa Games: 2nd in the 400m.
   - 1999 Universiade: 3rd in the 400m.

4. Answer:
   - Jacob placed 2nd in the 2003 All-Africa Games.
   - Jacob placed 3rd in the 1999 Universiade.

**Final Answer:** Doris Jacob placed 2nd in the 2003 All-Africa Games and 3rd in the 1999 Universiade.
",26.08695652173913,"extract, cot","```json
{
 ""decomposition"": {
  ""sq1"": ""What was Jacob's position in the 2003 All-Africa Games?"",
  ""sq2"": ""What was Jacob's position in the 1999 Universiade?""
 },
 ""answers"": {
  ""Answer to sq1"": ""2nd"",
  ""Answer to sq2"": ""3rd""
 },
 ""final_answer"": ""2nd in the 2003 All-Africa Games and 3rd in the 1999 Universiade""
}
```",0.0,"Reasoning: To determine Jacob's performance in the 2003 All-Africa Games and the 1999 Universiade, we need to find the corresponding rows in the table and extract the 'Position' column values. In the 2003 All-Africa Games, Jacob achieved 2nd place in the 400m. In the 1999 Universiade, she secured 3rd place in the 400m.

Answer: [""2nd"", ""3rd""] 
",0.0,Jacob won a silver medal at the 2003 All-Africa Games and a bronze medal at the 1999 Universiade in 51.04 seconds.
11,How did Dailín Belmonte place in the 2005 ALBA Games?,"**Problem Understanding:**
1. Determine the Objective:  Identify Dailín Belmonte's finishing positions in the 2005 ALBA Games.

2. Understand the Problem: This involves extracting information about Dailín Belmonte's performances in the specified year and competition from the table.

**Reasoning Process:**
3. Extract Relevant Information: 
   - Two entries for Dailín Belmonte in the 2005 ALBA Games are listed.
   - The first entry shows a 3rd place finish in the 5000m event.
   - The second entry shows a 2nd place finish in the 10,000m event.

**Answer:**
- In the 2005 ALBA Games, Dailín Belmonte finished 3rd in the 5000m event and 2nd in the 10,000m event.

**Final Answer:** In the 2005 ALBA Games, Dailín Belmonte finished 3rd in the 5000m event and 2nd in the 10,000m event. 
",14.814814814814811,"extract, cot","```json
{
 ""subquestions"": [
  {
   ""sq1"": ""Identify the rows that contain information about Dailín Belmonte's participation in the 2005 ALBA Games."",
   ""reasoning"": ""This step is necessary to isolate the relevant information from the table."",
   ""answer"": ""The rows corresponding to the 2005 ALBA Games are:\n  2005 | ALBA Games | La Habana, Cuba | 3rd | 5000 m | 16:35.58\n  2005 | ALBA Games | La Habana, Cuba | 2nd | 10,000 m | 35:10.2""
  },
  {
   ""sq2"": ""Extract the position from the identified rows."",
   ""reasoning"": ""The position is the answer to the question."",
   ""answer"": ""The positions are 3rd and 2nd.""
  }
 ],
 ""final_answer"": ""Dailín Belmonte placed 3rd and 2nd in the 2005 ALBA Games.""
}
```",8.333333333333332,"Reasoning: To determine Dailín Belmonte's placement in the 2005 ALBA Games, we need to look at the table and find the rows corresponding to the 2005 ALBA Games.  There are two rows with ""2005 | ALBA Games | La Habana, Cuba"" as the first three columns.  We need to look at the 'Position' column for these rows to get the answers.

Answer: [""3rd"", ""2nd""] 
",0.0,"In the 2005 ALBA Games, Dailín Belmonte ran in both the 5000 metres and the 10,000 m, picking up bronze and silver medals, respectively."
